Comment,Designator,Footprint,LCSC Part #
100R,"R4,R8",R_0603_1608Metric,C22775
100k,"R5,R9,R11,R19",R_0603_1608Metric,C25803
100nF,"C2,C9,C13",C_0603_1608Metric,C14663
10k,"R1,R10",R_0603_1608Metric,C25804
10uF,C6,C_0603_1608Metric,C19702
10uF,"C5,C11,C12,C14,C16",C_0805_2012Metric,C15850
1uF,"C3,C4,C7,C8,C15,C17,C18",C_0603_1608Metric,C15849
220R,R20,R_0603_1608Metric,C22962
22R,"R2,R3",R_0603_1608Metric,C23345
22R,"R6,R7",R_1206_3216Metric,C17958
22uF,C1,C_0805_2012Metric,C45783
3.3k,R16,R_0603_1608Metric,C22978
4.7k,"R12,R13",R_0603_1608Metric,C23162
5.1k,"R17,R18",R_0603_1608Metric,C23186
AO3400A,"Q1,Q2",SOT-23,C20917
AO3401A,Q3,SOT-23,C15127
B5819W,D3,D_SOD-123,C8598
DRV2605LDGST,U3,MSOP-10_3x3mm_P0.5mm,C425927
FPC-05F-50PH15,J1,FPC-05F-50PH15,C2856826
IRM-H638T/TR2,U6,IRM-H638T,C91447
LTR-303ALS-01,U7,LTR-303ALS-01,C364577
MAX17048G+T10,U8,MAX17048_TDFN-8_2x2mm,C2682616
ME6211C33M5G-N,U2,SOT-23-5,C82942
MMA8452QR1,U4,MMA8452Q_QFN-16_3x3mm_P0.5mm,C11360
TP4056,U5,SOIC-8-1EP_3.9x4.9mm_P1.27mm_EP2.41x3.3mm,C16581
TS-1187A-B-A-B,"SW1,SW2,SW3,SW4,SW5,SW6,SW7,SW8,SW9,SW10,SW11,SW12,SW13,SW14",SW_Push_1P1T_XKB_TS-1187A,C318884
TYPE-C 16PIN 2MD(073),J3,USB_C_Receptacle_HRO_TYPE-C-31-M-12,C2765186
VSMB2948SL,"D1,D2",VSMB2948SL_SideView,C6604342
