Designator,Mid X,Mid Y,Layer,Rotation
C1,46.590mm,-108.080mm,Top,0
C11,52.740mm,-161.970mm,Top,0
C12,53.940mm,-149.770mm,Top,0
C13,5.300mm,-121.670mm,Top,90
C14,11.400mm,-119.170mm,Top,90
C15,53.240mm,-141.630mm,Top,0
C16,20.970mm,-101.040mm,Top,0
C17,13.170mm,-98.780mm,Top,0
C18,9.200mm,-143.030mm,Top,0
C2,46.590mm,-109.980mm,Top,0
C3,43.590mm,-109.880mm,Top,0
C4,46.590mm,-100.480mm,Top,0
C5,46.590mm,-105.980mm,Top,0
C6,30.370mm,-8.720mm,Top,90
C7,7.000mm,-110.570mm,Top,90
C8,14.200mm,-110.600mm,Top,0
C9,8.400mm,-118.570mm,Top,0
D1,27.470mm,-5.020mm,Top,180
D2,33.270mm,-5.020mm,Top,180
D3,52.540mm,-164.970mm,Top,0
J1,30.370mm,-67.637mm,Top,0
J3,30.370mm,-176.332mm,Top,0
Q1,30.370mm,-12.720mm,Top,180
Q2,53.240mm,-132.030mm,Top,180
Q3,52.540mm,-168.370mm,Top,180
R1,43.590mm,-111.580mm,Top,0
R10,53.240mm,-139.830mm,Top,0
R11,7.000mm,-115.970mm,Top,90
R12,8.200mm,-135.370mm,Top,0
R13,8.200mm,-137.370mm,Top,0
R16,49.940mm,-150.770mm,Top,90
R17,23.770mm,-173.230mm,Top,90
R18,36.970mm,-173.230mm,Top,90
R19,48.140mm,-167.370mm,Top,90
R2,27.470mm,-8.720mm,Top,90
R20,17.370mm,-101.040mm,Top,0
R3,33.270mm,-8.720mm,Top,90
R4,25.870mm,-13.720mm,Top,0
R5,29.670mm,-15.220mm,Top,0
R6,51.640mm,-127.630mm,Top,90
R7,54.840mm,-127.630mm,Top,90
R8,51.640mm,-135.830mm,Top,90
R9,54.840mm,-135.830mm,Top,90
SW1,30.370mm,-106.930mm,Top,0
SW10,30.370mm,-153.430mm,Top,0
SW11,16.370mm,-153.430mm,Top,0
SW12,40.370mm,-163.430mm,Top,0
SW13,20.370mm,-163.430mm,Top,0
SW14,44.370mm,-96.180mm,Top,0
SW2,41.370mm,-117.930mm,Top,0
SW3,30.370mm,-117.930mm,Top,0
SW4,19.370mm,-117.930mm,Top,0
SW5,30.370mm,-128.930mm,Top,0
SW6,44.370mm,-141.430mm,Top,0
SW7,30.370mm,-141.430mm,Top,0
SW8,16.370mm,-141.430mm,Top,0
SW9,44.370mm,-153.430mm,Top,0
U2,46.590mm,-103.180mm,Top,270
U3,11.400mm,-113.170mm,Top,270
U4,8.200mm,-121.370mm,Top,0
U5,52.740mm,-156.370mm,Top,0
U6,18.970mm,-96.940mm,Top,0
U7,13.170mm,-96.180mm,Top,0
U8,9.200mm,-140.430mm,Top,0
